timestamp,badge_id,role,location,status
2026-05-18 00:02:36,WS-3006,Wait Staff,Kitchen,GRANTED
2026-05-18 00:12:52,SC-2002,Security,Loading Dock,GRANTED
2026-05-18 00:22:10,SC-2007,Security,Vault Corridor B,GRANTED
2026-05-18 00:22:46,WS-3009,Wait Staff,Bar Lounge,GRANTED
2026-05-18 00:37:40,SC-2007,Security,Salon A,GRANTED
2026-05-18 00:40:46,WS-3002,Wait Staff,Kitchen,DENIED
2026-05-18 00:42:20,SC-2004,Security,Reception,GRANTED
2026-05-18 00:44:31,SC-2004,Security,Salon B,GRANTED
2026-05-18 00:45:46,WS-3002,Wait Staff,Salon B,GRANTED
2026-05-18 00:51:34,WS-3002,Wait Staff,Salon B,GRANTED
2026-05-18 01:02:41,SC-2006,Security,Perimeter East,GRANTED
2026-05-18 01:03:24,SC-2003,Security,Perimeter West,GRANTED
2026-05-18 01:07:47,SC-2004,Security,Vault Corridor B,GRANTED
2026-05-18 01:16:24,WS-3009,Wait Staff,Service Corridor,GRANTED
2026-05-18 01:18:36,WS-3010,Wait Staff,Salon A,GRANTED
2026-05-18 01:31:01,WS-3003,Wait Staff,Bar Lounge,DENIED
2026-05-18 01:37:44,WS-3005,Wait Staff,Salon A,GRANTED
2026-05-18 01:48:07,WS-3010,Wait Staff,Salon B,GRANTED
2026-05-18 01:50:27,WS-3001,Wait Staff,Salon A,GRANTED
2026-05-18 01:52:13,WS-3002,Wait Staff,Salon A,GRANTED
2026-05-18 01:53:20,WS-3005,Wait Staff,Bar Lounge,GRANTED
2026-05-18 04:09:53,SC-2004,Security,Vault Corridor B,GRANTED
2026-05-18 04:35:44,SC-2004,Security,Perimeter East,GRANTED
2026-05-18 05:29:29,SC-2001,Security,Vault Corridor B,GRANTED
2026-05-18 05:33:48,SC-2001,Security,Vault Corridor B,GRANTED
2026-05-18 05:34:12,SC-2006,Security,Perimeter West,GRANTED
2026-05-18 05:57:45,SC-2005,Security,Service Corridor,GRANTED
2026-05-18 06:22:58,KS-1013,Kitchen Staff,Service Corridor,GRANTED
2026-05-18 06:27:19,KS-1001,Kitchen Staff,Loading Dock,GRANTED
2026-05-18 06:37:14,SC-2007,Security,Perimeter East,GRANTED
2026-05-18 06:47:27,KS-1004,Kitchen Staff,Staff Locker Room,GRANTED
2026-05-18 06:51:27,KS-1008,Kitchen Staff,Kitchen,GRANTED
2026-05-18 07:03:16,KS-1011,Kitchen Staff,Service Corridor,DENIED
2026-05-18 07:09:23,KS-1008,Kitchen Staff,Staff Locker Room,GRANTED
2026-05-18 07:12:17,KS-1007,Kitchen Staff,Service Corridor,DENIED
2026-05-18 07:13:15,SC-2005,Security,Salon A,GRANTED
2026-05-18 07:13:37,KS-1013,Kitchen Staff,Kitchen,GRANTED
2026-05-18 07:31:50,SC-2002,Security,Perimeter West,GRANTED
2026-05-18 07:42:22,SC-2003,Security,Perimeter East,GRANTED
2026-05-18 07:43:01,KS-1014,Kitchen Staff,Kitchen,GRANTED
2026-05-18 07:45:38,KS-1004,Kitchen Staff,Loading Dock,GRANTED
2026-05-18 07:50:19,KS-1005,Kitchen Staff,Staff Locker Room,GRANTED
2026-05-18 07:51:38,KS-1004,Kitchen Staff,Kitchen,GRANTED
2026-05-18 07:51:57,KS-1001,Kitchen Staff,Kitchen,GRANTED
2026-05-18 07:59:20,SC-2002,Security,Service Corridor,GRANTED
2026-05-18 08:00:26,MG-4001,Management,Salon B,GRANTED
2026-05-18 08:02:55,CR-4412,Courier,Service Corridor,GRANTED
2026-05-18 08:06:03,MG-4004,Management,Reception,GRANTED
2026-05-18 08:09:49,SC-2004,Security,Salon A,GRANTED
2026-05-18 08:14:56,CR-4416,Courier,Service Corridor,GRANTED
2026-05-18 08:16:20,KS-1004,Kitchen Staff,Staff Locker Room,GRANTED
2026-05-18 08:24:31,KS-1013,Kitchen Staff,Staff Locker Room,GRANTED
2026-05-18 08:35:39,CR-4412,Courier,Service Entrance North,GRANTED
2026-05-18 08:47:15,SC-2007,Security,Perimeter West,GRANTED
2026-05-18 08:49:49,KS-1003,Kitchen Staff,Service Corridor,GRANTED
2026-05-18 08:54:51,MG-4004,Management,Office Block,GRANTED
2026-05-18 08:56:07,CR-4411,Courier,Service Entrance East,GRANTED
2026-05-18 08:56:17,SC-2006,Security,Salon A,GRANTED
2026-05-18 08:56:22,CR-4416,Courier,Service Entrance North,GRANTED
2026-05-18 09:00:21,KS-1012,Kitchen Staff,Loading Dock,GRANTED
2026-05-18 09:11:05,SC-2004,Security,Salon A,GRANTED
2026-05-18 09:11:22,CR-4411,Courier,Service Corridor,GRANTED
2026-05-18 09:19:46,SC-2004,Security,Loading Dock,GRANTED
2026-05-18 09:20:55,CR-4411,Courier,Loading Dock,GRANTED
2026-05-18 09:27:51,CR-4414,Courier,Loading Dock,DENIED
2026-05-18 09:28:19,SC-2003,Security,Perimeter West,GRANTED
2026-05-18 09:28:40,CR-4412,Courier,Service Entrance North,GRANTED
2026-05-18 09:29:16,KS-1014,Kitchen Staff,Service Corridor,GRANTED
2026-05-18 09:30:01,KS-1004,Kitchen Staff,Kitchen,GRANTED
2026-05-18 09:36:11,CR-4415,Courier,Service Entrance East,GRANTED
2026-05-18 09:37:11,KS-1002,Kitchen Staff,Staff Locker Room,GRANTED
2026-05-18 09:48:23,CR-4412,Courier,Service Entrance North,GRANTED
2026-05-18 09:52:03,CR-4411,Courier,Loading Dock,GRANTED
2026-05-18 09:54:15,CR-4415,Courier,Service Entrance North,GRANTED
2026-05-18 09:58:48,KS-1002,Kitchen Staff,Service Corridor,GRANTED
2026-05-18 09:59:33,KS-1008,Kitchen Staff,Service Corridor,GRANTED
2026-05-18 09:59:52,SC-2001,Security,Perimeter East,GRANTED
2026-05-18 10:00:32,KS-1013,Kitchen Staff,Kitchen,GRANTED
2026-05-18 10:03:48,KS-1001,Kitchen Staff,Service Corridor,GRANTED
2026-05-18 10:05:21,CR-4413,Courier,Service Entrance North,GRANTED
2026-05-18 10:10:55,SC-2007,Security,Service Corridor,GRANTED
2026-05-18 10:12:33,MG-4004,Management,Bar Lounge,GRANTED
2026-05-18 10:19:57,KS-1013,Kitchen Staff,Loading Dock,GRANTED
2026-05-18 10:24:10,SC-2001,Security,Vault Corridor B,GRANTED
2026-05-18 10:30:46,KS-1012,Kitchen Staff,Service Corridor,GRANTED
2026-05-18 10:34:36,KS-1008,Kitchen Staff,Kitchen,GRANTED
2026-05-18 10:35:21,CR-4413,Courier,Loading Dock,GRANTED
2026-05-18 10:40:56,MG-4003,Management,Reception,GRANTED
2026-05-18 10:41:11,MG-4004,Management,Service Corridor,GRANTED
2026-05-18 10:42:44,CR-4413,Courier,Service Entrance East,GRANTED
2026-05-18 10:42:57,CR-4411,Courier,Service Entrance East,GRANTED
2026-05-18 10:49:19,KS-1007,Kitchen Staff,Service Corridor,GRANTED
2026-05-18 10:52:59,CR-4416,Courier,Service Entrance East,GRANTED
2026-05-18 10:53:50,MG-4005,Management,Service Corridor,GRANTED
2026-05-18 10:58:49,SC-2005,Security,Salon A,GRANTED
2026-05-18 11:01:13,CR-4413,Courier,Service Entrance East,GRANTED
2026-05-18 11:09:51,CR-4412,Courier,Loading Dock,GRANTED
2026-05-18 11:10:05,MG-4001,Management,Office Block,GRANTED
2026-05-18 11:11:21,CR-4414,Courier,Service Corridor,GRANTED
2026-05-18 11:20:34,KS-1009,Kitchen Staff,Staff Locker Room,GRANTED
2026-05-18 11:21:28,SC-2005,Security,Perimeter West,GRANTED
2026-05-18 11:24:53,CR-4416,Courier,Service Entrance East,GRANTED
2026-05-18 11:32:22,MG-4003,Management,Service Corridor,GRANTED
2026-05-18 11:40:28,KS-1012,Kitchen Staff,Staff Locker Room,GRANTED
2026-05-18 11:44:33,KS-1007,Kitchen Staff,Staff Locker Room,GRANTED
2026-05-18 11:49:34,MG-4001,Management,Bar Lounge,GRANTED
2026-05-18 11:50:29,CR-4412,Courier,Service Entrance East,GRANTED
2026-05-18 11:54:03,KS-1010,Kitchen Staff,Staff Locker Room,GRANTED
2026-05-18 12:00:54,KS-1013,Kitchen Staff,Kitchen,GRANTED
2026-05-18 12:05:25,CR-4416,Courier,Loading Dock,GRANTED
2026-05-18 12:10:02,CR-4414,Courier,Loading Dock,GRANTED
2026-05-18 12:13:40,SC-2001,Security,Loading Dock,DENIED
2026-05-18 12:14:57,CR-4413,Courier,Service Entrance East,GRANTED
2026-05-18 12:15:41,KS-1004,Kitchen Staff,Loading Dock,GRANTED
2026-05-18 12:17:16,SC-2003,Security,Perimeter West,GRANTED
2026-05-18 12:27:26,MG-4003,Management,Bar Lounge,GRANTED
2026-05-18 12:31:05,CR-4411,Courier,Loading Dock,GRANTED
2026-05-18 12:33:28,CR-4414,Courier,Loading Dock,GRANTED
2026-05-18 12:44:20,KS-1005,Kitchen Staff,Loading Dock,GRANTED
2026-05-18 12:48:24,KS-1010,Kitchen Staff,Service Corridor,GRANTED
2026-05-18 12:54:22,CR-4414,Courier,Loading Dock,GRANTED
2026-05-18 12:55:07,SC-2007,Security,Service Corridor,GRANTED
2026-05-18 13:03:49,CR-4414,Courier,Service Entrance North,GRANTED
2026-05-18 13:10:34,CR-4411,Courier,Service Corridor,GRANTED
2026-05-18 13:11:12,SC-2006,Security,Perimeter East,GRANTED
2026-05-18 13:14:36,CR-4416,Courier,Service Corridor,DENIED
2026-05-18 13:15:14,CR-4414,Courier,Service Corridor,GRANTED
2026-05-18 13:18:47,CR-4417,Courier,Service Entrance East,GRANTED
2026-05-18 13:19:46,KS-1014,Kitchen Staff,Loading Dock,GRANTED
2026-05-18 13:28:43,MG-4001,Management,Bar Lounge,GRANTED
2026-05-18 13:29:01,KS-1014,Kitchen Staff,Staff Locker Room,GRANTED
2026-05-18 13:29:31,SC-2005,Security,Salon A,GRANTED
2026-05-18 13:39:03,MG-4002,Management,Salon A,GRANTED
2026-05-18 13:40:51,KS-1001,Kitchen Staff,Kitchen,GRANTED
2026-05-18 13:41:36,KS-1003,Kitchen Staff,Loading Dock,GRANTED
2026-05-18 13:50:49,KS-1014,Kitchen Staff,Loading Dock,GRANTED
2026-05-18 13:51:58,MG-4001,Management,Bar Lounge,GRANTED
2026-05-18 13:53:06,CR-4415,Courier,Loading Dock,GRANTED
2026-05-18 14:02:48,CT-6001,Catering,Loading Dock,GRANTED
2026-05-18 14:04:03,CR-4415,Courier,Service Entrance East,GRANTED
2026-05-18 14:10:00,KS-1014,Kitchen Staff,Service Corridor,GRANTED
2026-05-18 14:10:15,CT-6005,Catering,Salon A,DENIED
2026-05-18 14:10:39,KS-1002,Kitchen Staff,Loading Dock,GRANTED
2026-05-18 14:11:56,SC-2002,Security,Perimeter West,GRANTED
2026-05-18 14:15:14,KS-1005,Kitchen Staff,Loading Dock,GRANTED
2026-05-18 14:15:35,KS-1009,Kitchen Staff,Kitchen,GRANTED
2026-05-18 14:20:45,SC-2003,Security,Reception,GRANTED
2026-05-18 14:24:54,KS-1006,Kitchen Staff,Staff Locker Room,GRANTED
2026-05-18 14:39:12,CT-6004,Catering,Salon B,GRANTED
2026-05-18 14:43:14,SC-2003,Security,Salon B,GRANTED
2026-05-18 14:49:42,AV-5003,AV Technical,Salon A,GRANTED
2026-05-18 14:50:12,KS-1013,Kitchen Staff,Service Corridor,GRANTED
2026-05-18 14:50:24,SC-2002,Security,Loading Dock,GRANTED
2026-05-18 14:55:28,CR-4412,Courier,Service Corridor,DENIED
2026-05-18 14:59:03,KS-1008,Kitchen Staff,Kitchen,GRANTED
2026-05-18 14:59:24,MG-4003,Management,Bar Lounge,GRANTED
2026-05-18 15:04:25,AH-7001,Auction House,Salon A,DENIED
2026-05-18 15:06:46,KS-1010,Kitchen Staff,Service Corridor,GRANTED
2026-05-18 15:16:15,CT-6001,Catering,Loading Dock,GRANTED
2026-05-18 15:17:24,CR-4415,Courier,Loading Dock,GRANTED
2026-05-18 15:17:37,SC-2005,Security,Perimeter East,GRANTED
2026-05-18 15:19:38,CR-4414,Courier,Service Entrance East,GRANTED
2026-05-18 15:20:40,CT-6005,Catering,Salon A,GRANTED
2026-05-18 15:21:28,CR-4415,Courier,Loading Dock,GRANTED
2026-05-18 15:26:15,CT-6004,Catering,Salon B,GRANTED
2026-05-18 15:29:37,CR-4415,Courier,Service Corridor,GRANTED
2026-05-18 15:32:40,MG-4003,Management,Service Corridor,GRANTED
2026-05-18 15:34:34,CR-4411,Courier,Service Entrance North,GRANTED
2026-05-18 15:38:43,CT-6004,Catering,Salon A,GRANTED
2026-05-18 15:41:51,KS-1012,Kitchen Staff,Service Corridor,GRANTED
2026-05-18 15:44:22,MG-4004,Management,Salon A,GRANTED
2026-05-18 15:48:42,KS-1008,Kitchen Staff,Loading Dock,GRANTED
2026-05-18 15:49:37,CT-6003,Catering,Salon A,GRANTED
2026-05-18 15:49:46,CT-6004,Catering,Salon A,GRANTED
2026-05-18 15:51:31,SC-2006,Security,Service Corridor,GRANTED
2026-05-18 15:51:53,CR-4414,Courier,Service Entrance East,GRANTED
2026-05-18 15:53:03,AH-7002,Auction House,Salon A,GRANTED
2026-05-18 15:58:14,AH-7001,Auction House,Salon B,GRANTED
2026-05-18 16:01:06,CR-4411,Courier,Service Entrance East,GRANTED
2026-05-18 16:02:57,MG-4001,Management,Service Corridor,GRANTED
2026-05-18 16:02:58,KS-1004,Kitchen Staff,Loading Dock,GRANTED
2026-05-18 16:03:24,MG-4005,Management,Office Block,GRANTED
2026-05-18 16:03:34,CR-4412,Courier,Service Entrance East,GRANTED
2026-05-18 16:03:52,WS-3006,Wait Staff,Bar Lounge,GRANTED
2026-05-18 16:10:10,WS-3004,Wait Staff,Service Corridor,GRANTED
2026-05-18 16:10:33,WS-3007,Wait Staff,Salon A,GRANTED
2026-05-18 16:11:46,AH-7002,Auction House,Salon A,DENIED
2026-05-18 16:15:55,CR-4413,Courier,Loading Dock,GRANTED
2026-05-18 16:17:53,CT-6002,Catering,Salon B,GRANTED
2026-05-18 16:18:55,CR-4417,Courier,Service Entrance North,GRANTED
2026-05-18 16:19:30,KS-1007,Kitchen Staff,Loading Dock,GRANTED
2026-05-18 16:19:42,KS-1011,Kitchen Staff,Kitchen,GRANTED
2026-05-18 16:24:36,CR-4416,Courier,Service Corridor,GRANTED
2026-05-18 16:24:47,SC-2006,Security,Vault Corridor B,GRANTED
2026-05-18 16:29:51,AH-7003,Auction House,Registration Desk,DENIED
2026-05-18 16:31:56,CR-4414,Courier,Service Entrance East,GRANTED
2026-05-18 16:33:22,CR-4415,Courier,Service Entrance East,GRANTED
2026-05-18 16:36:19,CT-6005,Catering,Service Corridor,GRANTED
2026-05-18 16:37:22,KS-1008,Kitchen Staff,Staff Locker Room,GRANTED
2026-05-18 16:37:27,CT-6003,Catering,Salon A,GRANTED
2026-05-18 16:38:28,MG-4005,Management,Bar Lounge,GRANTED
2026-05-18 16:38:31,KS-1008,Kitchen Staff,Staff Locker Room,DENIED
2026-05-18 16:39:00,CT-6004,Catering,Service Corridor,GRANTED
2026-05-18 16:41:48,CR-4411,Courier,Loading Dock,GRANTED
2026-05-18 16:42:17,WS-3008,Wait Staff,Service Corridor,GRANTED
2026-05-18 16:42:18,CT-6002,Catering,Salon A,GRANTED
2026-05-18 16:43:24,WS-3003,Wait Staff,Kitchen,GRANTED
2026-05-18 16:43:34,WS-3007,Wait Staff,Bar Lounge,GRANTED
2026-05-18 16:45:41,WS-3007,Wait Staff,Bar Lounge,GRANTED
2026-05-18 16:46:08,CT-6002,Catering,Salon A,GRANTED
2026-05-18 16:47:01,CR-4417,Courier,Service Corridor,GRANTED
2026-05-18 16:48:35,SC-2003,Security,Salon B,GRANTED
2026-05-18 16:48:36,CT-6003,Catering,Kitchen,GRANTED
2026-05-18 16:49:26,CR-4416,Courier,Loading Dock,GRANTED
2026-05-18 16:50:52,KS-1008,Kitchen Staff,Staff Locker Room,GRANTED
2026-05-18 16:55:10,SC-2006,Security,Perimeter West,GRANTED
2026-05-18 16:57:33,KS-1002,Kitchen Staff,Kitchen,GRANTED
2026-05-18 16:57:49,SC-2002,Security,Perimeter West,GRANTED
2026-05-18 17:01:01,SC-2003,Security,Salon B,GRANTED
2026-05-18 17:04:29,CR-4416,Courier,Service Corridor,GRANTED
2026-05-18 17:05:20,KS-1006,Kitchen Staff,Service Corridor,GRANTED
2026-05-18 17:14:13,WS-3003,Wait Staff,Salon B,GRANTED
2026-05-18 17:16:40,CT-6004,Catering,Service Corridor,GRANTED
2026-05-18 17:18:20,MG-4001,Management,Bar Lounge,GRANTED
2026-05-18 17:20:02,SC-2007,Security,Perimeter East,GRANTED
2026-05-18 17:22:20,WS-3001,Wait Staff,Service Corridor,GRANTED
2026-05-18 17:22:59,KS-1010,Kitchen Staff,Loading Dock,GRANTED
2026-05-18 17:23:00,MG-4002,Management,Service Corridor,GRANTED
2026-05-18 17:25:20,KS-1008,Kitchen Staff,Service Corridor,GRANTED
2026-05-18 17:26:38,KS-1004,Kitchen Staff,Loading Dock,GRANTED
2026-05-18 17:27:30,WS-3003,Wait Staff,Salon B,GRANTED
2026-05-18 17:29:23,MG-4005,Management,Bar Lounge,GRANTED
2026-05-18 17:32:01,AV-5002,AV Technical,Equipment Room,GRANTED
2026-05-18 17:37:54,KS-1010,Kitchen Staff,Service Corridor,GRANTED
2026-05-18 17:40:06,KS-1009,Kitchen Staff,Loading Dock,GRANTED
2026-05-18 17:41:10,AH-7002,Auction House,Registration Desk,GRANTED
2026-05-18 17:41:11,AH-7003,Auction House,Registration Desk,GRANTED
2026-05-18 17:41:35,AH-7001,Auction House,Registration Desk,GRANTED
2026-05-18 17:46:56,WS-3001,Wait Staff,Salon A,GRANTED
2026-05-18 17:49:12,WS-3004,Wait Staff,Salon A,GRANTED
2026-05-18 17:49:48,CR-4414,Courier,Service Corridor,GRANTED
2026-05-18 17:49:50,KS-1012,Kitchen Staff,Loading Dock,GRANTED
2026-05-18 17:53:44,KS-1014,Kitchen Staff,Kitchen,GRANTED
2026-05-18 17:55:54,KS-1007,Kitchen Staff,Staff Locker Room,GRANTED
2026-05-18 17:56:20,AV-5002,AV Technical,Service Corridor,GRANTED
2026-05-18 17:56:54,WS-3006,Wait Staff,Kitchen,GRANTED
2026-05-18 17:58:25,MG-4005,Management,Bar Lounge,DENIED
2026-05-18 17:59:53,CR-4416,Courier,Service Entrance North,DENIED
2026-05-18 18:00:37,KS-1012,Kitchen Staff,Staff Locker Room,GRANTED
2026-05-18 18:10:56,WS-3003,Wait Staff,Kitchen,GRANTED
2026-05-18 18:12:00,KS-1005,Kitchen Staff,Loading Dock,GRANTED
2026-05-18 18:15:06,CT-6002,Catering,Salon A,GRANTED
2026-05-18 18:16:25,CT-6004,Catering,Loading Dock,GRANTED
2026-05-18 18:20:50,CT-6002,Catering,Salon B,GRANTED
2026-05-18 18:21:05,CR-4412,Courier,Loading Dock,GRANTED
2026-05-18 18:22:53,WS-3006,Wait Staff,Bar Lounge,GRANTED
2026-05-18 18:23:03,CT-6005,Catering,Salon A,DENIED
2026-05-18 18:23:16,KS-1008,Kitchen Staff,Staff Locker Room,GRANTED
2026-05-18 18:24:36,KS-1009,Kitchen Staff,Loading Dock,GRANTED
2026-05-18 18:24:40,WS-3004,Wait Staff,Bar Lounge,DENIED
2026-05-18 18:26:40,WS-3006,Wait Staff,Bar Lounge,GRANTED
2026-05-18 18:33:10,CT-6005,Catering,Salon A,GRANTED
2026-05-18 18:33:29,MG-4001,Management,Office Block,GRANTED
2026-05-18 18:34:35,AV-5001,AV Technical,Salon B,GRANTED
2026-05-18 18:37:24,CT-6005,Catering,Salon A,GRANTED
2026-05-18 18:41:45,WS-3007,Wait Staff,Service Corridor,GRANTED
2026-05-18 18:42:48,WS-3007,Wait Staff,Kitchen,GRANTED
2026-05-18 18:42:49,CR-4412,Courier,Service Corridor,GRANTED
2026-05-18 18:46:55,AH-7002,Auction House,Salon B,GRANTED
2026-05-18 18:48:36,CR-4412,Courier,Service Corridor,GRANTED
2026-05-18 18:48:48,WS-3007,Wait Staff,Salon B,GRANTED
2026-05-18 18:49:28,CT-6003,Catering,Loading Dock,GRANTED
2026-05-18 18:50:23,MG-4005,Management,Salon B,GRANTED
2026-05-18 18:51:57,WS-3003,Wait Staff,Salon A,GRANTED
2026-05-18 18:52:18,WS-3005,Wait Staff,Service Corridor,GRANTED
2026-05-18 18:53:09,KS-1013,Kitchen Staff,Kitchen,GRANTED
2026-05-18 18:53:53,WS-3008,Wait Staff,Salon A,GRANTED
2026-05-18 18:59:46,SC-2006,Security,Service Corridor,GRANTED
2026-05-18 19:13:23,WS-3008,Wait Staff,Service Corridor,GRANTED
2026-05-18 19:14:10,CT-6005,Catering,Salon B,GRANTED
2026-05-18 19:15:46,AH-7004,Auction House,Salon A,GRANTED
2026-05-18 19:15:54,WS-3008,Wait Staff,Bar Lounge,GRANTED
2026-05-18 19:16:20,KS-1014,Kitchen Staff,Kitchen,GRANTED
2026-05-18 19:16:23,MG-4002,Management,Salon B,GRANTED
2026-05-18 19:16:24,KS-1006,Kitchen Staff,Service Corridor,GRANTED
2026-05-18 19:19:05,AV-5003,AV Technical,Salon B,GRANTED
2026-05-18 19:22:43,CR-4413,Courier,Service Entrance North,GRANTED
2026-05-18 19:23:47,SC-2005,Security,Perimeter West,GRANTED
2026-05-18 19:26:06,CT-6001,Catering,Salon B,GRANTED
2026-05-18 19:26:45,CT-6005,Catering,Salon A,GRANTED
2026-05-18 19:26:48,SC-2003,Security,Reception,DENIED
2026-05-18 19:27:05,CT-6004,Catering,Kitchen,GRANTED
2026-05-18 19:27:37,WS-3010,Wait Staff,Bar Lounge,GRANTED
2026-05-18 19:28:09,CR-4416,Courier,Service Entrance North,GRANTED
2026-05-18 19:29:32,WS-3011,Wait Staff,Service Corridor,GRANTED
2026-05-18 19:29:59,CT-6005,Catering,Service Corridor,GRANTED
2026-05-18 19:30:56,WS-3009,Wait Staff,Service Corridor,GRANTED
2026-05-18 19:33:21,CR-4415,Courier,Service Corridor,GRANTED
2026-05-18 19:34:02,AH-7003,Auction House,Registration Desk,GRANTED
2026-05-18 19:35:39,SC-2006,Security,Perimeter East,GRANTED
2026-05-18 19:36:29,MG-4005,Management,Salon B,GRANTED
2026-05-18 19:39:58,SC-2001,Security,Salon A,GRANTED
2026-05-18 19:44:39,AV-5002,AV Technical,Salon A,GRANTED
2026-05-18 19:45:52,CT-6003,Catering,Salon A,GRANTED
2026-05-18 19:47:28,CR-4417,Courier,Service Entrance North,GRANTED
2026-05-18 19:47:32,CT-6002,Catering,Salon A,GRANTED
2026-05-18 19:48:49,KS-1003,Kitchen Staff,Service Corridor,GRANTED
2026-05-18 19:50:03,WS-3006,Wait Staff,Bar Lounge,GRANTED
2026-05-18 19:51:28,CT-6002,Catering,Service Corridor,GRANTED
2026-05-18 19:51:37,CR-4414,Courier,Service Corridor,DENIED
2026-05-18 19:52:49,WS-3004,Wait Staff,Kitchen,GRANTED
2026-05-18 19:53:02,SC-2002,Security,Vault Corridor B,GRANTED
2026-05-18 19:54:18,CT-6004,Catering,Kitchen,GRANTED
2026-05-18 19:58:52,CT-6003,Catering,Salon B,GRANTED
2026-05-18 19:59:38,MG-4002,Management,Reception,GRANTED
2026-05-18 20:01:18,AV-5001,AV Technical,Equipment Room,GRANTED
2026-05-18 20:04:23,KS-1005,Kitchen Staff,Loading Dock,GRANTED
2026-05-18 20:08:35,WS-3009,Wait Staff,Salon B,GRANTED
2026-05-18 20:09:10,MG-4005,Management,Office Block,GRANTED
2026-05-18 20:10:28,KS-1010,Kitchen Staff,Kitchen,GRANTED
2026-05-18 20:12:20,AH-7001,Auction House,Registration Desk,GRANTED
2026-05-18 20:12:48,SC-2007,Security,Vault Corridor B,GRANTED
2026-05-18 20:16:31,AH-7002,Auction House,Registration Desk,GRANTED
2026-05-18 20:18:11,WS-3001,Wait Staff,Salon B,GRANTED
2026-05-18 20:19:48,MG-4001,Management,Service Corridor,DENIED
2026-05-18 20:26:49,WS-3005,Wait Staff,Bar Lounge,GRANTED
2026-05-18 20:31:10,AH-7001,Auction House,Office Block,GRANTED
2026-05-18 20:31:32,CT-6004,Catering,Loading Dock,GRANTED
2026-05-18 20:32:33,WS-3007,Wait Staff,Salon A,GRANTED
2026-05-18 20:34:10,AV-5002,AV Technical,Salon B,GRANTED
2026-05-18 20:34:17,WS-3006,Wait Staff,Salon A,GRANTED
2026-05-18 20:36:17,SC-2005,Security,Reception,GRANTED
2026-05-18 20:40:07,MG-4004,Management,Office Block,GRANTED
2026-05-18 20:42:00,KS-1014,Kitchen Staff,Staff Locker Room,GRANTED
2026-05-18 20:43:04,AV-5001,AV Technical,Service Corridor,GRANTED
2026-05-18 20:44:49,WS-3003,Wait Staff,Salon B,GRANTED
2026-05-18 20:45:18,WS-3010,Wait Staff,Salon B,GRANTED
2026-05-18 20:47:40,AH-7001,Auction House,Salon B,GRANTED
2026-05-18 20:48:20,WS-3006,Wait Staff,Kitchen,GRANTED
2026-05-18 20:49:40,WS-3002,Wait Staff,Service Corridor,GRANTED
2026-05-18 20:49:57,WS-3010,Wait Staff,Salon A,GRANTED
2026-05-18 20:51:18,KS-1012,Kitchen Staff,Kitchen,GRANTED
2026-05-18 20:56:24,CT-6002,Catering,Salon A,GRANTED
2026-05-18 20:57:28,WS-3006,Wait Staff,Bar Lounge,GRANTED
2026-05-18 20:57:36,SC-2002,Security,Perimeter West,GRANTED
2026-05-18 20:57:37,KS-1007,Kitchen Staff,Kitchen,GRANTED
2026-05-18 21:02:44,CR-4413,Courier,Service Entrance East,GRANTED
2026-05-18 21:04:09,SC-2005,Security,Reception,DENIED
2026-05-18 21:04:14,WS-3001,Wait Staff,Service Corridor,GRANTED
2026-05-18 21:04:18,WS-3009,Wait Staff,Salon A,GRANTED
2026-05-18 21:04:52,WS-3009,Wait Staff,Bar Lounge,GRANTED
2026-05-18 21:05:38,MG-4005,Management,Office Block,GRANTED
2026-05-18 21:08:24,KS-1011,Kitchen Staff,Loading Dock,GRANTED
2026-05-18 21:09:21,AH-7004,Auction House,Office Block,GRANTED
2026-05-18 21:10:08,AH-7002,Auction House,Salon B,GRANTED
2026-05-18 21:14:09,CT-6003,Catering,Kitchen,GRANTED
2026-05-18 21:15:56,SC-2002,Security,Reception,GRANTED
2026-05-18 21:20:37,KS-1007,Kitchen Staff,Kitchen,GRANTED
2026-05-18 21:21:42,AV-5001,AV Technical,Salon B,GRANTED
2026-05-18 21:22:56,WS-3011,Wait Staff,Kitchen,GRANTED
2026-05-18 21:24:05,WS-3002,Wait Staff,Salon B,GRANTED
2026-05-18 21:27:00,WS-3006,Wait Staff,Salon A,DENIED
2026-05-18 21:27:40,WS-3003,Wait Staff,Service Corridor,GRANTED
2026-05-18 21:28:01,WS-3011,Wait Staff,Kitchen,GRANTED
2026-05-18 21:30:04,CT-6004,Catering,Salon B,GRANTED
2026-05-18 21:33:13,CT-6001,Catering,Loading Dock,DENIED
2026-05-18 21:34:14,KS-1005,Kitchen Staff,Service Corridor,GRANTED
2026-05-18 21:40:26,MG-4002,Management,Salon A,GRANTED
2026-05-18 21:41:08,MG-4005,Management,Salon A,GRANTED
2026-05-18 21:41:10,KS-1014,Kitchen Staff,Kitchen,GRANTED
2026-05-18 21:42:32,WS-3002,Wait Staff,Salon A,GRANTED
2026-05-18 21:42:37,WS-3010,Wait Staff,Service Corridor,GRANTED
2026-05-18 21:43:10,WS-3003,Wait Staff,Salon B,GRANTED
2026-05-18 21:51:52,AH-7004,Auction House,Salon B,GRANTED
2026-05-18 21:52:55,KS-1012,Kitchen Staff,Staff Locker Room,GRANTED
2026-05-18 21:59:23,MG-4003,Management,Reception,GRANTED
2026-05-18 22:00:39,WS-3010,Wait Staff,Kitchen,GRANTED
2026-05-18 22:01:42,WS-3010,Wait Staff,Salon A,GRANTED
2026-05-18 22:06:18,KS-1007,Kitchen Staff,Staff Locker Room,GRANTED
2026-05-18 22:06:33,SC-2005,Security,Salon A,GRANTED
2026-05-18 22:09:32,AH-7003,Auction House,Registration Desk,GRANTED
2026-05-18 22:10:41,AH-7002,Auction House,Office Block,GRANTED
2026-05-18 22:15:36,AV-5001,AV Technical,Equipment Room,GRANTED
2026-05-18 22:16:17,AH-7001,Auction House,Salon B,GRANTED
2026-05-18 22:17:57,AH-7001,Auction House,Registration Desk,GRANTED
2026-05-18 22:19:24,AH-7004,Auction House,Registration Desk,GRANTED
2026-05-18 22:22:37,KS-1012,Kitchen Staff,Staff Locker Room,GRANTED
2026-05-18 22:30:23,AH-7003,Auction House,Office Block,GRANTED
2026-05-18 22:36:49,KS-1010,Kitchen Staff,Kitchen,GRANTED
2026-05-18 22:43:16,WS-3007,Wait Staff,Kitchen,GRANTED
2026-05-18 22:49:01,CT-6002,Catering,Loading Dock,GRANTED
2026-05-18 22:50:13,SC-2005,Security,Vault Corridor B,GRANTED
2026-05-18 22:50:46,KS-1006,Kitchen Staff,Service Corridor,GRANTED
2026-05-18 22:53:56,WS-3002,Wait Staff,Salon A,GRANTED
2026-05-18 22:54:37,KS-1012,Kitchen Staff,Service Corridor,GRANTED
2026-05-18 22:54:49,KS-1011,Kitchen Staff,Loading Dock,DENIED
2026-05-18 23:12:18,WS-3003,Wait Staff,Salon B,GRANTED
2026-05-18 23:13:47,AH-7001,Auction House,Registration Desk,GRANTED
2026-05-18 23:14:22,KS-1003,Kitchen Staff,Bar Lounge,GRANTED
2026-05-18 23:14:35,CT-6001,Catering,Loading Dock,GRANTED
2026-05-18 23:15:08,CT-6001,Catering,Service Corridor,GRANTED
2026-05-18 23:18:02,WS-3002,Wait Staff,Salon A,GRANTED
2026-05-18 23:23:52,WS-3007,Wait Staff,Kitchen,GRANTED
2026-05-18 23:24:06,SC-2003,Security,Perimeter West,GRANTED
2026-05-18 23:26:04,WS-3011,Wait Staff,Bar Lounge,GRANTED
2026-05-18 23:29:42,WS-3008,Wait Staff,Salon B,GRANTED
2026-05-18 23:33:02,AV-5002,AV Technical,Equipment Room,GRANTED
2026-05-18 23:34:28,CT-6003,Catering,Salon A,GRANTED
2026-05-18 23:34:34,SC-2005,Security,Loading Dock,GRANTED
2026-05-18 23:37:54,WS-3003,Wait Staff,Kitchen,GRANTED
2026-05-18 23:39:54,AV-5001,AV Technical,Equipment Room,GRANTED
2026-05-18 23:42:02,WS-3002,Wait Staff,Kitchen,GRANTED
2026-05-18 23:42:39,WS-3006,Wait Staff,Bar Lounge,GRANTED
2026-05-18 23:43:25,AV-5003,AV Technical,Salon B,GRANTED
2026-05-18 23:43:46,SC-2004,Security,Reception,GRANTED
2026-05-18 23:45:18,AV-5002,AV Technical,Salon B,GRANTED
2026-05-18 23:51:05,WS-3010,Wait Staff,Salon A,GRANTED
2026-05-18 23:53:34,CT-6002,Catering,Salon A,GRANTED
2026-05-18 23:54:05,AH-7001,Auction House,Office Block,GRANTED
2026-05-18 23:54:39,WS-3010,Wait Staff,Bar Lounge,GRANTED
2026-05-18 23:56:17,WS-3010,Wait Staff,Salon A,GRANTED
2026-05-19 00:00:20,WS-3005,Wait Staff,Salon A,GRANTED
2026-05-19 00:02:49,WS-3001,Wait Staff,Service Corridor,GRANTED
2026-05-19 00:10:19,WS-3005,Wait Staff,Kitchen,GRANTED
2026-05-19 00:12:05,WS-3007,Wait Staff,Salon A,GRANTED
2026-05-19 00:13:36,WS-3006,Wait Staff,Salon A,GRANTED
2026-05-19 00:22:10,WS-3003,Wait Staff,Salon A,GRANTED
2026-05-19 00:22:32,WS-3004,Wait Staff,Bar Lounge,GRANTED
2026-05-19 00:39:30,WS-3006,Wait Staff,Kitchen,GRANTED
2026-05-19 00:51:08,WS-3010,Wait Staff,Salon B,GRANTED
2026-05-19 00:51:31,WS-3002,Wait Staff,Kitchen,GRANTED
2026-05-19 01:13:51,WS-3006,Wait Staff,Service Corridor,GRANTED
2026-05-19 01:17:00,WS-3004,Wait Staff,Salon B,DENIED
2026-05-19 01:17:35,WS-3004,Wait Staff,Salon A,GRANTED
2026-05-19 01:19:59,SC-2003,Security,Vault Corridor B,GRANTED
2026-05-19 01:31:32,SC-2003,Security,Loading Dock,DENIED
2026-05-19 01:32:18,WS-3004,Wait Staff,Salon A,GRANTED
2026-05-19 01:32:31,SC-2005,Security,Loading Dock,GRANTED
2026-05-19 01:34:57,WS-3009,Wait Staff,Salon A,GRANTED
2026-05-19 01:35:06,SC-2002,Security,Perimeter West,GRANTED
2026-05-19 01:35:41,SC-2003,Security,Vault Corridor B,DENIED
2026-05-19 01:36:51,SC-2002,Security,Loading Dock,GRANTED
2026-05-19 01:41:43,WS-3003,Wait Staff,Salon B,GRANTED
2026-05-19 01:49:34,WS-3011,Wait Staff,Kitchen,GRANTED
2026-05-19 02:05:18,SC-2005,Security,Salon A,GRANTED
2026-05-19 02:27:35,SC-2002,Security,Loading Dock,GRANTED
2026-05-19 02:47:57,SC-2006,Security,Salon B,GRANTED
2026-05-19 03:00:28,SC-2004,Security,Perimeter West,GRANTED
2026-05-19 03:07:01,SC-2001,Security,Loading Dock,GRANTED
2026-05-19 04:35:45,SC-2006,Security,Salon A,GRANTED
2026-05-19 04:56:30,SC-2007,Security,Salon A,GRANTED
2026-05-19 05:11:54,SC-2006,Security,Perimeter East,GRANTED
2026-05-19 05:35:11,SC-2006,Security,Perimeter East,GRANTED
2026-05-19 06:15:12,KS-1001,Kitchen Staff,Loading Dock,GRANTED
2026-05-19 06:27:20,KS-1001,Kitchen Staff,Loading Dock,DENIED
2026-05-19 06:38:11,SC-2002,Security,Salon B,GRANTED
2026-05-19 06:40:38,KS-1002,Kitchen Staff,Loading Dock,GRANTED
2026-05-19 06:46:25,SC-2007,Security,Perimeter East,GRANTED
2026-05-19 06:47:21,KS-1007,Kitchen Staff,Loading Dock,GRANTED
2026-05-19 06:57:14,KS-1007,Kitchen Staff,Service Corridor,GRANTED
2026-05-19 06:57:27,KS-1014,Kitchen Staff,Service Corridor,GRANTED
2026-05-19 07:06:26,KS-1008,Kitchen Staff,Staff Locker Room,GRANTED
2026-05-19 07:09:02,KS-1001,Kitchen Staff,Staff Locker Room,DENIED
2026-05-19 07:09:25,KS-1007,Kitchen Staff,Staff Locker Room,GRANTED
2026-05-19 07:16:00,KS-1014,Kitchen Staff,Service Corridor,GRANTED
2026-05-19 07:20:16,KS-1009,Kitchen Staff,Kitchen,GRANTED
2026-05-19 07:39:38,KS-1010,Kitchen Staff,Kitchen,GRANTED
2026-05-19 07:57:55,KS-1008,Kitchen Staff,Staff Locker Room,GRANTED
2026-05-19 08:06:50,KS-1002,Kitchen Staff,Kitchen,GRANTED
2026-05-19 08:07:26,KS-1002,Kitchen Staff,Service Corridor,GRANTED
2026-05-19 08:13:25,KS-1004,Kitchen Staff,Staff Locker Room,GRANTED
2026-05-19 08:14:59,KS-1001,Kitchen Staff,Staff Locker Room,GRANTED
2026-05-19 08:17:32,KS-1004,Kitchen Staff,Service Corridor,GRANTED
2026-05-19 08:17:50,KS-1009,Kitchen Staff,Loading Dock,GRANTED
2026-05-19 08:17:57,MG-4005,Management,Service Corridor,GRANTED
2026-05-19 08:18:10,CR-4417,Courier,Service Entrance East,GRANTED
2026-05-19 08:22:07,KS-1010,Kitchen Staff,Kitchen,GRANTED
2026-05-19 08:23:57,KS-1006,Kitchen Staff,Kitchen,GRANTED
2026-05-19 08:30:47,MG-4003,Management,Salon B,DENIED
2026-05-19 08:43:58,CR-4416,Courier,Loading Dock,GRANTED
2026-05-19 08:44:59,CR-4412,Courier,Loading Dock,GRANTED
2026-05-19 08:47:43,MG-4001,Management,Bar Lounge,GRANTED
2026-05-19 08:49:39,CR-4412,Courier,Service Entrance East,GRANTED
2026-05-19 08:51:55,KS-1014,Kitchen Staff,Loading Dock,GRANTED
2026-05-19 08:52:09,MG-4005,Management,Salon A,GRANTED
2026-05-19 08:55:12,CR-4414,Courier,Service Entrance East,GRANTED
2026-05-19 08:58:10,MG-4003,Management,Bar Lounge,GRANTED
2026-05-19 09:05:17,SC-2007,Security,Salon A,GRANTED
2026-05-19 09:08:36,MG-4005,Management,Reception,GRANTED
2026-05-19 09:10:35,KS-1005,Kitchen Staff,Kitchen,GRANTED
2026-05-19 09:14:06,SC-2002,Security,Reception,GRANTED
2026-05-19 09:17:03,KS-1013,Kitchen Staff,Loading Dock,GRANTED
2026-05-19 09:18:08,KS-1013,Kitchen Staff,Service Corridor,GRANTED
2026-05-19 09:19:42,CR-4412,Courier,Loading Dock,GRANTED
2026-05-19 09:26:32,MG-4004,Management,Reception,GRANTED
2026-05-19 09:28:36,SC-2007,Security,Perimeter East,GRANTED
2026-05-19 09:29:08,MG-4003,Management,Salon B,GRANTED
2026-05-19 09:38:21,CR-4414,Courier,Service Corridor,GRANTED
2026-05-19 09:45:36,CR-4416,Courier,Service Corridor,GRANTED
2026-05-19 09:48:13,MG-4003,Management,Service Corridor,GRANTED
2026-05-19 09:52:03,MG-4002,Management,Service Corridor,GRANTED
2026-05-19 09:56:51,SC-2004,Security,Salon A,GRANTED
2026-05-19 09:59:43,CR-4417,Courier,Service Corridor,GRANTED
2026-05-19 10:16:10,MG-4003,Management,Salon B,GRANTED
2026-05-19 10:29:40,CR-4416,Courier,Service Entrance East,GRANTED
2026-05-19 10:31:35,MG-4004,Management,Service Corridor,GRANTED
2026-05-19 10:33:52,CR-4413,Courier,Loading Dock,GRANTED
2026-05-19 10:36:17,SC-2001,Security,Perimeter West,GRANTED
2026-05-19 10:37:34,CR-4416,Courier,Service Entrance North,GRANTED
2026-05-19 10:38:24,KS-1010,Kitchen Staff,Loading Dock,GRANTED
2026-05-19 10:39:31,MG-4004,Management,Salon A,GRANTED
2026-05-19 10:54:02,CR-4414,Courier,Service Corridor,GRANTED
2026-05-19 10:54:26,CR-4414,Courier,Service Entrance East,DENIED
2026-05-19 11:00:48,MG-4001,Management,Service Corridor,GRANTED
2026-05-19 11:17:22,SC-2003,Security,Perimeter West,GRANTED
2026-05-19 11:31:55,MG-4002,Management,Salon B,GRANTED
2026-05-19 11:32:36,CR-4416,Courier,Service Entrance East,GRANTED
2026-05-19 11:38:07,MG-4002,Management,Office Block,GRANTED
2026-05-19 11:41:41,SC-2005,Security,Salon A,GRANTED
2026-05-19 11:50:15,CR-4412,Courier,Service Corridor,GRANTED
2026-05-19 11:53:38,KS-1006,Kitchen Staff,Kitchen,GRANTED
2026-05-19 11:55:33,MG-4004,Management,Salon A,GRANTED
2026-05-19 11:56:21,SC-2005,Security,Service Corridor,GRANTED
2026-05-19 12:02:31,MG-4003,Management,Bar Lounge,DENIED
2026-05-19 12:10:12,KS-1009,Kitchen Staff,Staff Locker Room,GRANTED
2026-05-19 12:11:10,KS-1013,Kitchen Staff,Loading Dock,GRANTED
2026-05-19 12:15:35,MG-4002,Management,Office Block,GRANTED
2026-05-19 12:19:33,MG-4005,Management,Salon B,GRANTED
2026-05-19 12:19:34,SC-2002,Security,Salon B,GRANTED
2026-05-19 12:24:02,CR-4413,Courier,Service Corridor,GRANTED
2026-05-19 12:33:04,MG-4002,Management,Reception,GRANTED
2026-05-19 12:48:52,CR-4415,Courier,Service Entrance East,GRANTED
2026-05-19 12:52:09,CR-4413,Courier,Service Corridor,GRANTED
2026-05-19 12:56:10,KS-1001,Kitchen Staff,Loading Dock,GRANTED
2026-05-19 12:59:49,SC-2003,Security,Reception,GRANTED
2026-05-19 13:07:46,MG-4002,Management,Bar Lounge,GRANTED
2026-05-19 13:13:20,MG-4004,Management,Bar Lounge,GRANTED
2026-05-19 13:13:39,SC-2006,Security,Salon B,GRANTED
2026-05-19 13:14:52,KS-1004,Kitchen Staff,Loading Dock,GRANTED
2026-05-19 13:15:13,CR-4416,Courier,Loading Dock,GRANTED
2026-05-19 13:16:59,CR-4413,Courier,Service Corridor,GRANTED
2026-05-19 13:18:40,KS-1008,Kitchen Staff,Staff Locker Room,GRANTED
2026-05-19 13:21:36,SC-2006,Security,Perimeter West,GRANTED
2026-05-19 13:23:57,SC-2004,Security,Perimeter West,DENIED
2026-05-19 13:28:42,KS-1011,Kitchen Staff,Loading Dock,GRANTED
2026-05-19 13:29:58,CR-4412,Courier,Service Corridor,GRANTED
2026-05-19 13:32:40,SC-2006,Security,Perimeter East,GRANTED
2026-05-19 13:33:09,KS-1002,Kitchen Staff,Kitchen,GRANTED
2026-05-19 13:36:03,CR-4417,Courier,Loading Dock,GRANTED
2026-05-19 13:37:00,CR-4414,Courier,Service Corridor,GRANTED
2026-05-19 13:38:01,MG-4002,Management,Bar Lounge,DENIED
2026-05-19 13:38:34,KS-1014,Kitchen Staff,Staff Locker Room,GRANTED
2026-05-19 13:39:48,KS-1007,Kitchen Staff,Kitchen,GRANTED
2026-05-19 13:46:08,KS-1010,Kitchen Staff,Loading Dock,GRANTED
2026-05-19 13:48:42,KS-1013,Kitchen Staff,Kitchen,GRANTED
2026-05-19 13:48:46,CR-4412,Courier,Service Entrance East,GRANTED
2026-05-19 13:51:43,KS-1010,Kitchen Staff,Kitchen,GRANTED
2026-05-19 13:56:21,SC-2006,Security,Reception,GRANTED
2026-05-19 14:04:17,KS-1003,Kitchen Staff,Staff Locker Room,GRANTED
2026-05-19 14:04:38,SC-2004,Security,Loading Dock,GRANTED
2026-05-19 14:05:23,SC-2007,Security,Salon A,GRANTED
2026-05-19 14:07:24,CR-4417,Courier,Service Corridor,GRANTED
2026-05-19 14:10:22,CR-4416,Courier,Service Entrance East,GRANTED
2026-05-19 14:13:13,KS-1009,Kitchen Staff,Service Corridor,GRANTED
2026-05-19 14:15:29,KS-1002,Kitchen Staff,Loading Dock,GRANTED
2026-05-19 14:21:50,MG-4003,Management,Reception,GRANTED
2026-05-19 14:33:11,SC-2003,Security,Salon A,DENIED
2026-05-19 14:33:51,SC-2004,Security,Perimeter East,DENIED
2026-05-19 14:40:44,CT-6005,Catering,Service Corridor,GRANTED
2026-05-19 14:44:43,CR-4413,Courier,Loading Dock,GRANTED
2026-05-19 14:45:56,CT-6003,Catering,Loading Dock,GRANTED
2026-05-19 14:48:27,MG-4003,Management,Salon A,GRANTED
2026-05-19 14:54:29,KS-1002,Kitchen Staff,Staff Locker Room,GRANTED
2026-05-19 14:57:20,CT-6004,Catering,Kitchen,GRANTED
2026-05-19 15:04:37,CT-6005,Catering,Kitchen,GRANTED
2026-05-19 15:09:12,CR-4417,Courier,Service Entrance East,GRANTED
2026-05-19 15:10:19,KS-1007,Kitchen Staff,Service Corridor,GRANTED
2026-05-19 15:10:55,AV-5001,AV Technical,Equipment Room,DENIED
2026-05-19 15:12:11,KS-1009,Kitchen Staff,Staff Locker Room,GRANTED
2026-05-19 15:17:32,CR-4415,Courier,Loading Dock,GRANTED
2026-05-19 15:20:27,CR-4415,Courier,Service Entrance East,GRANTED
2026-05-19 15:23:33,CR-4412,Courier,Service Entrance East,GRANTED
2026-05-19 15:26:19,CT-6003,Catering,Loading Dock,DENIED
2026-05-19 15:36:42,CR-4414,Courier,Service Entrance North,GRANTED
2026-05-19 15:40:40,SC-2004,Security,Salon B,GRANTED
2026-05-19 15:42:18,MG-4004,Management,Reception,GRANTED
2026-05-19 15:50:03,KS-1005,Kitchen Staff,Loading Dock,GRANTED
2026-05-19 15:50:08,SC-2005,Security,Service Corridor,GRANTED
2026-05-19 15:50:41,CR-4415,Courier,Service Entrance North,DENIED
2026-05-19 15:54:42,KS-1004,Kitchen Staff,Loading Dock,GRANTED
2026-05-19 15:57:50,MG-4003,Management,Reception,DENIED
2026-05-19 16:00:02,CT-6001,Catering,Service Corridor,GRANTED
2026-05-19 16:00:09,CR-4412,Courier,Service Corridor,GRANTED
2026-05-19 16:04:07,AH-7004,Auction House,Registration Desk,GRANTED
2026-05-19 16:05:11,MG-4001,Management,Office Block,GRANTED
2026-05-19 16:08:23,WS-3002,Wait Staff,Salon B,GRANTED
2026-05-19 16:09:43,SC-2005,Security,Loading Dock,GRANTED
2026-05-19 16:09:59,MG-4004,Management,Office Block,GRANTED
2026-05-19 16:10:46,MG-4003,Management,Office Block,GRANTED
2026-05-19 16:12:33,AV-5002,AV Technical,Salon B,GRANTED
2026-05-19 16:13:24,KS-1010,Kitchen Staff,Loading Dock,GRANTED
2026-05-19 16:14:07,SC-2005,Security,Perimeter West,GRANTED
2026-05-19 16:15:37,AV-5003,AV Technical,Salon B,GRANTED
2026-05-19 16:19:25,CR-4414,Courier,Service Entrance North,GRANTED
2026-05-19 16:19:57,KS-1014,Kitchen Staff,Kitchen,DENIED
2026-05-19 16:21:44,AV-5002,AV Technical,Salon A,GRANTED
2026-05-19 16:27:04,KS-1013,Kitchen Staff,Service Corridor,GRANTED
2026-05-19 16:27:17,CR-4412,Courier,Service Entrance North,GRANTED
2026-05-19 16:28:44,AH-7002,Auction House,Office Block,GRANTED
2026-05-19 16:29:53,CR-4414,Courier,Service Corridor,DENIED
2026-05-19 16:30:09,CT-6004,Catering,Kitchen,GRANTED
2026-05-19 16:30:49,CT-6001,Catering,Salon B,GRANTED
2026-05-19 16:31:14,KS-1012,Kitchen Staff,Service Corridor,GRANTED
2026-05-19 16:31:41,AV-5002,AV Technical,Salon B,GRANTED
2026-05-19 16:38:22,CR-4417,Courier,Service Entrance East,GRANTED
2026-05-19 16:39:48,SC-2002,Security,Reception,GRANTED
2026-05-19 16:44:48,WS-3006,Wait Staff,Service Corridor,DENIED
2026-05-19 16:44:55,MG-4002,Management,Salon B,GRANTED
2026-05-19 16:45:24,CT-6001,Catering,Salon A,GRANTED
2026-05-19 16:46:12,WS-3003,Wait Staff,Service Corridor,GRANTED
2026-05-19 16:48:26,KS-1007,Kitchen Staff,Kitchen,GRANTED
2026-05-19 16:52:30,KS-1009,Kitchen Staff,Loading Dock,GRANTED
2026-05-19 16:52:30,CT-6004,Catering,Salon A,GRANTED
2026-05-19 16:54:59,SC-2002,Security,Perimeter East,GRANTED
2026-05-19 16:55:48,KS-1011,Kitchen Staff,Loading Dock,GRANTED
2026-05-19 16:59:50,AV-5003,AV Technical,Salon B,GRANTED
2026-05-19 17:01:21,WS-3006,Wait Staff,Bar Lounge,GRANTED
2026-05-19 17:04:25,KS-1009,Kitchen Staff,Service Corridor,GRANTED
2026-05-19 17:05:56,MG-4005,Management,Office Block,GRANTED
2026-05-19 17:06:22,KS-1001,Kitchen Staff,Service Corridor,GRANTED
2026-05-19 17:09:03,AH-7003,Auction House,Salon A,GRANTED
2026-05-19 17:10:09,AV-5001,AV Technical,Equipment Room,GRANTED
2026-05-19 17:10:46,CR-4416,Courier,Service Corridor,GRANTED
2026-05-19 17:12:00,CT-6005,Catering,Kitchen,GRANTED
2026-05-19 17:16:05,CR-4416,Courier,Service Corridor,GRANTED
2026-05-19 17:18:45,AV-5003,AV Technical,Salon B,GRANTED
2026-05-19 17:20:30,AH-7002,Auction House,Salon B,GRANTED
2026-05-19 17:21:02,WS-3006,Wait Staff,Bar Lounge,GRANTED
2026-05-19 17:22:25,AH-7003,Auction House,Office Block,GRANTED
2026-05-19 17:27:14,CR-4417,Courier,Service Corridor,GRANTED
2026-05-19 17:31:29,KS-1009,Kitchen Staff,Loading Dock,GRANTED
2026-05-19 17:31:35,KS-1014,Kitchen Staff,Kitchen,GRANTED
2026-05-19 17:36:07,MG-4002,Management,Bar Lounge,GRANTED
2026-05-19 17:37:51,CT-6004,Catering,Loading Dock,GRANTED
2026-05-19 17:38:29,KS-1004,Kitchen Staff,Kitchen,GRANTED
2026-05-19 17:38:37,WS-3006,Wait Staff,Kitchen,GRANTED
2026-05-19 17:41:07,AH-7002,Auction House,Salon B,GRANTED
2026-05-19 17:42:42,CR-4411,Courier,Loading Dock,GRANTED
2026-05-19 17:42:42,CT-6001,Catering,Salon A,GRANTED
2026-05-19 17:43:13,WS-3008,Wait Staff,Kitchen,GRANTED
2026-05-19 17:44:54,AH-7003,Auction House,Salon A,GRANTED
2026-05-19 17:46:12,CR-4414,Courier,Loading Dock,GRANTED
2026-05-19 17:50:28,WS-3011,Wait Staff,Kitchen,GRANTED
2026-05-19 17:53:02,SC-2007,Security,Vault Corridor B,GRANTED
2026-05-19 17:55:07,KS-1009,Kitchen Staff,Service Corridor,GRANTED
2026-05-19 17:56:43,AH-7003,Auction House,Salon B,GRANTED
2026-05-19 17:57:19,KS-1012,Kitchen Staff,Staff Locker Room,GRANTED
2026-05-19 18:00:35,CR-4416,Courier,Service Entrance East,GRANTED
2026-05-19 18:03:55,KS-1004,Kitchen Staff,Service Corridor,GRANTED
2026-05-19 18:03:58,SC-2004,Security,Perimeter East,GRANTED
2026-05-19 18:05:36,CT-6002,Catering,Loading Dock,GRANTED
2026-05-19 18:05:48,WS-3003,Wait Staff,Service Corridor,GRANTED
2026-05-19 18:06:16,AV-5003,AV Technical,Equipment Room,GRANTED
2026-05-19 18:06:43,KS-1011,Kitchen Staff,Staff Locker Room,GRANTED
2026-05-19 18:08:32,CT-6001,Catering,Kitchen,GRANTED
2026-05-19 18:11:03,WS-3002,Wait Staff,Salon A,GRANTED
2026-05-19 18:13:38,CT-6005,Catering,Salon B,GRANTED
2026-05-19 18:14:51,CR-4417,Courier,Service Entrance East,GRANTED
2026-05-19 18:14:54,KS-1001,Kitchen Staff,Loading Dock,GRANTED
2026-05-19 18:17:06,KS-1001,Kitchen Staff,Service Corridor,GRANTED
2026-05-19 18:21:21,CT-6003,Catering,Service Corridor,GRANTED
2026-05-19 18:23:03,MG-4002,Management,Bar Lounge,GRANTED
2026-05-19 18:24:32,CT-6001,Catering,Kitchen,GRANTED
2026-05-19 18:28:06,MG-4005,Management,Salon A,GRANTED
2026-05-19 18:30:11,KS-1010,Kitchen Staff,Staff Locker Room,GRANTED
2026-05-19 18:30:59,CR-4414,Courier,Service Entrance East,GRANTED
2026-05-19 18:33:58,KS-1003,Kitchen Staff,Loading Dock,GRANTED
2026-05-19 18:34:13,CR-4411,Courier,Service Entrance North,GRANTED
2026-05-19 18:34:28,WS-3008,Wait Staff,Bar Lounge,GRANTED
2026-05-19 18:37:10,CR-4414,Courier,Service Entrance East,GRANTED
2026-05-19 18:38:54,AH-7003,Auction House,Salon A,GRANTED
2026-05-19 18:39:57,WS-3004,Wait Staff,Bar Lounge,GRANTED
2026-05-19 18:41:19,WS-3004,Wait Staff,Salon B,GRANTED
2026-05-19 18:41:24,AH-7004,Auction House,Registration Desk,GRANTED
2026-05-19 18:44:14,WS-3008,Wait Staff,Bar Lounge,GRANTED
2026-05-19 18:45:45,KS-1001,Kitchen Staff,Loading Dock,GRANTED
2026-05-19 18:49:14,WS-3011,Wait Staff,Salon A,GRANTED
2026-05-19 18:52:38,CR-4414,Courier,Service Corridor,GRANTED
2026-05-19 18:53:23,WS-3008,Wait Staff,Bar Lounge,GRANTED
2026-05-19 18:54:22,SC-2004,Security,Service Corridor,GRANTED
2026-05-19 18:56:40,CT-6003,Catering,Service Corridor,GRANTED
2026-05-19 18:58:41,CT-6002,Catering,Loading Dock,GRANTED
2026-05-19 19:02:11,CR-4417,Courier,Service Entrance North,GRANTED
2026-05-19 19:02:38,CR-4412,Courier,Service Entrance North,GRANTED
2026-05-19 19:03:58,AH-7003,Auction House,Registration Desk,GRANTED
2026-05-19 19:04:44,CT-6002,Catering,Salon B,GRANTED
2026-05-19 19:08:08,AH-7001,Auction House,Office Block,DENIED
2026-05-19 19:08:10,KS-1014,Kitchen Staff,Loading Dock,GRANTED
2026-05-19 19:08:28,WS-3007,Wait Staff,Salon A,GRANTED
2026-05-19 19:09:11,SC-2001,Security,Reception,GRANTED
2026-05-19 19:09:30,WS-3004,Wait Staff,Kitchen,GRANTED
2026-05-19 19:09:38,CR-4417,Courier,Service Entrance East,GRANTED
2026-05-19 19:10:15,AV-5003,AV Technical,Salon A,GRANTED
2026-05-19 19:11:54,WS-3003,Wait Staff,Salon B,GRANTED
2026-05-19 19:13:29,WS-3005,Wait Staff,Service Corridor,GRANTED
2026-05-19 19:14:10,AH-7004,Auction House,Registration Desk,GRANTED
2026-05-19 19:15:40,CT-6002,Catering,Service Corridor,GRANTED
2026-05-19 19:16:10,CT-6005,Catering,Kitchen,GRANTED
2026-05-19 19:16:55,KS-1010,Kitchen Staff,Kitchen,GRANTED
2026-05-19 19:20:44,CR-4416,Courier,Loading Dock,GRANTED
2026-05-19 19:22:41,CR-4411,Courier,Service Entrance East,GRANTED
2026-05-19 19:25:01,CR-4412,Courier,Service Entrance East,GRANTED
2026-05-19 19:25:36,WS-3006,Wait Staff,Bar Lounge,GRANTED
2026-05-19 19:25:55,CT-6005,Catering,Salon B,GRANTED
2026-05-19 19:26:57,KS-1010,Kitchen Staff,Loading Dock,GRANTED
2026-05-19 19:27:37,AV-5001,AV Technical,Salon B,GRANTED
2026-05-19 19:30:45,KS-1002,Kitchen Staff,Service Corridor,DENIED
2026-05-19 19:31:42,KS-1002,Kitchen Staff,Staff Locker Room,GRANTED
2026-05-19 19:33:39,CR-4411,Courier,Service Entrance East,GRANTED
2026-05-19 19:34:57,KS-1014,Kitchen Staff,Service Corridor,GRANTED
2026-05-19 19:35:22,AH-7001,Auction House,Office Block,GRANTED
2026-05-19 19:37:49,AV-5002,AV Technical,Service Corridor,GRANTED
2026-05-19 19:37:54,MG-4005,Management,Office Block,GRANTED
2026-05-19 19:37:56,CR-4412,Courier,Loading Dock,GRANTED
2026-05-19 19:40:07,CR-4411,Courier,Service Entrance North,GRANTED
2026-05-19 19:41:24,AH-7003,Auction House,Registration Desk,GRANTED
2026-05-19 19:44:02,KS-1014,Kitchen Staff,Kitchen,GRANTED
2026-05-19 19:46:16,SC-2003,Security,Perimeter East,GRANTED
2026-05-19 19:46:16,AV-5003,AV Technical,Salon A,GRANTED
2026-05-19 19:49:04,AV-5001,AV Technical,Equipment Room,GRANTED
2026-05-19 19:50:43,WS-3002,Wait Staff,Salon B,GRANTED
2026-05-19 19:52:45,KS-1013,Kitchen Staff,Loading Dock,DENIED
2026-05-19 19:53:57,WS-3010,Wait Staff,Bar Lounge,GRANTED
2026-05-19 19:55:02,CT-6001,Catering,Salon A,GRANTED
2026-05-19 19:55:27,WS-3001,Wait Staff,Kitchen,GRANTED
2026-05-19 19:59:30,CR-4411,Courier,Service Entrance East,GRANTED
2026-05-19 20:00:46,CT-6004,Catering,Salon A,GRANTED
2026-05-19 20:05:49,KS-1005,Kitchen Staff,Service Corridor,GRANTED
2026-05-19 20:09:48,KS-1007,Kitchen Staff,Loading Dock,GRANTED
2026-05-19 20:16:58,CT-6003,Catering,Service Corridor,GRANTED
2026-05-19 20:18:46,MG-4001,Management,Service Corridor,GRANTED
2026-05-19 20:19:23,KS-1004,Kitchen Staff,Loading Dock,GRANTED
2026-05-19 20:20:59,CT-6002,Catering,Salon B,DENIED
2026-05-19 20:22:52,KS-1006,Kitchen Staff,Service Corridor,GRANTED
2026-05-19 20:26:16,KS-1009,Kitchen Staff,Kitchen,GRANTED
2026-05-19 20:26:58,CT-6002,Catering,Loading Dock,GRANTED
2026-05-19 20:33:39,AH-7002,Auction House,Office Block,GRANTED
2026-05-19 20:35:40,AH-7004,Auction House,Salon B,GRANTED
2026-05-19 20:36:46,MG-4001,Management,Office Block,GRANTED
2026-05-19 20:39:05,WS-3002,Wait Staff,Bar Lounge,GRANTED
2026-05-19 20:42:56,AV-5002,AV Technical,Service Corridor,GRANTED
2026-05-19 20:46:38,SC-2001,Security,Perimeter West,GRANTED
2026-05-19 20:48:04,KS-1005,Kitchen Staff,Service Corridor,GRANTED
2026-05-19 20:51:35,CT-6001,Catering,Loading Dock,GRANTED
2026-05-19 20:55:16,CT-6001,Catering,Service Corridor,GRANTED
2026-05-19 20:56:59,AH-7003,Auction House,Registration Desk,GRANTED
2026-05-19 20:57:12,WS-3001,Wait Staff,Service Corridor,GRANTED
2026-05-19 21:06:22,KS-1004,Kitchen Staff,Service Corridor,GRANTED
2026-05-19 21:08:59,WS-3008,Wait Staff,Service Corridor,GRANTED
2026-05-19 21:11:11,SC-2002,Security,Loading Dock,GRANTED
2026-05-19 21:13:37,CT-6005,Catering,Salon A,GRANTED
2026-05-19 21:14:20,MG-4004,Management,Office Block,GRANTED
2026-05-19 21:23:22,KS-1012,Kitchen Staff,Loading Dock,GRANTED
2026-05-19 21:25:27,KS-1012,Kitchen Staff,Kitchen,GRANTED
2026-05-19 21:27:12,AV-5003,AV Technical,Salon A,GRANTED
2026-05-19 21:30:45,WS-3006,Wait Staff,Bar Lounge,GRANTED
2026-05-19 21:34:22,KS-1003,Kitchen Staff,Loading Dock,GRANTED
2026-05-19 21:36:52,WS-3002,Wait Staff,Salon A,GRANTED
2026-05-19 21:37:36,KS-1005,Kitchen Staff,Service Corridor,GRANTED
2026-05-19 21:38:08,WS-3009,Wait Staff,Kitchen,GRANTED
2026-05-19 21:38:54,WS-3004,Wait Staff,Bar Lounge,GRANTED
2026-05-19 21:41:56,WS-3003,Wait Staff,Kitchen,GRANTED
2026-05-19 21:42:17,AH-7002,Auction House,Registration Desk,GRANTED
2026-05-19 21:47:03,CR-4471,Courier,Vault Corridor B,GRANTED
2026-05-19 21:53:01,WS-3005,Wait Staff,Bar Lounge,GRANTED
2026-05-19 21:53:31,MG-4003,Management,Salon A,GRANTED
2026-05-19 21:54:44,WS-3003,Wait Staff,Salon B,GRANTED
2026-05-19 21:58:47,WS-3009,Wait Staff,Salon B,GRANTED
2026-05-19 22:01:43,CT-6001,Catering,Loading Dock,GRANTED
2026-05-19 22:03:11,CT-6003,Catering,Loading Dock,GRANTED
2026-05-19 22:03:47,WS-3004,Wait Staff,Salon B,GRANTED
2026-05-19 22:05:31,WS-3008,Wait Staff,Salon A,GRANTED
2026-05-19 22:06:10,AV-5001,AV Technical,Salon A,GRANTED
2026-05-19 22:07:50,WS-3011,Wait Staff,Kitchen,GRANTED
2026-05-19 22:09:07,KS-1002,Kitchen Staff,Service Corridor,GRANTED
2026-05-19 22:09:35,WS-3008,Wait Staff,Kitchen,GRANTED
2026-05-19 22:15:07,WS-3007,Wait Staff,Salon A,GRANTED
2026-05-19 22:16:39,SC-2007,Security,Service Corridor,GRANTED
2026-05-19 22:21:36,WS-3004,Wait Staff,Bar Lounge,GRANTED
2026-05-19 22:21:43,AH-7002,Auction House,Salon A,GRANTED
2026-05-19 22:23:04,SC-2001,Security,Loading Dock,GRANTED
2026-05-19 22:23:37,KS-1005,Kitchen Staff,Kitchen,GRANTED
2026-05-19 22:26:50,WS-3003,Wait Staff,Salon A,GRANTED
2026-05-19 22:28:48,AV-5003,AV Technical,Equipment Room,GRANTED
2026-05-19 22:35:07,CT-6001,Catering,Kitchen,GRANTED
2026-05-19 22:36:03,WS-3010,Wait Staff,Bar Lounge,GRANTED
2026-05-19 22:39:35,CT-6004,Catering,Salon A,GRANTED
2026-05-19 22:40:20,KS-1011,Kitchen Staff,Kitchen,GRANTED
2026-05-19 22:42:45,WS-3006,Wait Staff,Bar Lounge,GRANTED
2026-05-19 22:43:16,CT-6003,Catering,Service Corridor,GRANTED
2026-05-19 22:44:46,CT-6001,Catering,Service Corridor,GRANTED
2026-05-19 22:48:51,CT-6002,Catering,Service Corridor,GRANTED
2026-05-19 22:51:28,WS-3011,Wait Staff,Salon B,GRANTED
2026-05-19 22:54:07,CT-6002,Catering,Loading Dock,GRANTED
2026-05-19 22:54:48,KS-1013,Kitchen Staff,Loading Dock,GRANTED
2026-05-19 22:59:36,AV-5002,AV Technical,Salon A,GRANTED
2026-05-19 23:02:13,WS-3008,Wait Staff,Bar Lounge,GRANTED
2026-05-19 23:08:07,WS-3008,Wait Staff,Salon B,GRANTED
2026-05-19 23:09:15,AV-5003,AV Technical,Salon A,GRANTED
2026-05-19 23:11:43,WS-3002,Wait Staff,Kitchen,GRANTED
2026-05-19 23:21:44,WS-3003,Wait Staff,Service Corridor,GRANTED
2026-05-19 23:27:03,AH-7001,Auction House,Registration Desk,GRANTED
2026-05-19 23:29:22,SC-2006,Security,Loading Dock,GRANTED
2026-05-19 23:32:34,AH-7001,Auction House,Salon B,GRANTED
2026-05-19 23:34:11,AV-5003,AV Technical,Service Corridor,GRANTED
2026-05-19 23:40:02,CT-6003,Catering,Service Corridor,GRANTED
2026-05-19 23:42:19,CT-6002,Catering,Loading Dock,GRANTED
2026-05-19 23:42:28,WS-3009,Wait Staff,Kitchen,GRANTED
2026-05-19 23:43:08,WS-3001,Wait Staff,Service Corridor,GRANTED
2026-05-19 23:48:16,CT-6003,Catering,Loading Dock,DENIED
2026-05-19 23:49:34,WS-3002,Wait Staff,Salon A,GRANTED
2026-05-19 23:53:18,CT-6002,Catering,Salon A,DENIED
2026-05-19 23:55:27,SC-2002,Security,Salon A,GRANTED
2026-05-19 23:55:52,WS-3004,Wait Staff,Kitchen,GRANTED
2026-05-19 23:56:07,AH-7003,Auction House,Salon B,GRANTED
2026-05-19 23:57:00,WS-3004,Wait Staff,Salon A,GRANTED
2026-05-19 23:59:57,WS-3008,Wait Staff,Kitchen,GRANTED
